Year,Series,Value
2015,"Proportion of total government spending on essential services, education",306461030.270833
2017,"Proportion of total government spending on essential services, education",289046729.199519
2015,Proportion of total government spending on health,283367184.086111
2017,Proportion of total government spending on health,237201290.832933
2015,Proportion of total government spending on social protection,103794273.852778
2017,Proportion of total government spending on social protection,109465948.668269
