Year,Observation-level footnotes,Series,Value
2016,Number of destroyed or damaged health facilities attributed to disasters,Number of destroyed or damaged health facilities attributed to disasters [11.5.2],2
2017,Number of destroyed or damaged health facilities attributed to disasters,Number of destroyed or damaged health facilities attributed to disasters [11.5.2],3
2018,Number of destroyed or damaged health facilities attributed to disasters,Number of destroyed or damaged health facilities attributed to disasters [11.5.2],3
2019,Number of destroyed or damaged health facilities attributed to disasters,Number of destroyed or damaged health facilities attributed to disasters [11.5.2],1
2016,Number of destroyed or damaged educational facilities attributed to disasters,Number of destroyed or damaged educational facilities attributed to disasters [11.5.2],82
2017,Number of destroyed or damaged educational facilities attributed to disasters,Number of destroyed or damaged educational facilities attributed to disasters [11.5.2],203
2018,Number of destroyed or damaged educational facilities attributed to disasters,Number of destroyed or damaged educational facilities attributed to disasters [11.5.2],73
2019,Number of destroyed or damaged educational facilities attributed to disasters,Number of destroyed or damaged educational facilities attributed to disasters [11.5.2],203
