Year,Series,Sex,Value
2015,"Percent of women and  men, age 15-49 have experienced physical violence within the 12 months preceding the survey",Male,11
2015,"Percent of women and  men, age 15-49 have experienced physical violence within the 12 months preceding the survey",Female,14
2015,Percent of women and  men age 15-49 report having experienced sexual violence at least once in the past 12 months,Male,1
2015,Percent of women and  men age 15-49 report having experienced sexual violence at least once in the past 12 months,Female,8
