Year,Observation-level footnotes,Series,Sex,Value
2015,"Percent of women and  men, age 15-49 have experienced physical violence within the 12 months preceding the survey",_L_RW_160103_1,Male,11
2020,"Percent of women and  men, age 15-49 have experienced physical violence within the 12 months preceding the survey",_L_RW_160103_1,Male,9
2015,"Percent of women and  men, age 15-49 have experienced physical violence within the 12 months preceding the survey",_L_RW_160103_1,Female,14
2020,"Percent of women and  men, age 15-49 have experienced physical violence within the 12 months preceding the survey",_L_RW_160103_1,Female,16
2015,Percent of women and  men age 15-49 report having experienced sexual violence at least once in the past 12 months,_L_RW_160103_2,Male,1
2020,Percent of women and  men age 15-49 report having experienced sexual violence at least once in the past 12 months,_L_RW_160103_2,Male,6
2015,Percent of women and  men age 15-49 report having experienced sexual violence at least once in the past 12 months,_L_RW_160103_2,Female,8
2020,Percent of women and  men age 15-49 report having experienced sexual violence at least once in the past 12 months,_L_RW_160103_2,Female,23
