Year,Series,Sex,Value
2005,Proportion of children moderately or severely wasted (number),Male,5
2010,Proportion of children moderately or severely wasted (number),Male,3
2015,Proportion of children moderately or severely wasted (number),Male,2
2020,Proportion of children moderately or severely wasted (number),Male,1
2010,Proportion of children moderately or severely overweight,Female,7
2015,Proportion of children moderately or severely overweight,Female,8
2020,Proportion of children moderately or severely overweight,Female,6
