Year,Observation-level footnotes,Series,Sex,Value
2005,Proportion of children moderately or severely wasted,SH_STA_WAST,,5.0
2010,Proportion of children moderately or severely wasted,SH_STA_WAST,,3.0
2015,Proportion of children moderately or severely wasted,SH_STA_WAST,,2.0
2020,Proportion of children moderately or severely wasted,SH_STA_WAST,,1.1
2015,Proportion of children moderately or severely wasted,SH_STA_WAST,Male,2.4
2020,Proportion of children moderately or severely wasted,SH_STA_WAST,Male,0.9
2015,Proportion of children moderately or severely wasted,SH_STA_WAST,Female,2.0
2020,Proportion of children moderately or severely wasted,SH_STA_WAST,Female,1.4
2010,Proportion of children moderately or severely overweight,SN_STA_OVWGT,,7.0
2015,Proportion of children moderately or severely overweight,SN_STA_OVWGT,,8.0
2020,Proportion of children moderately or severely overweight,SN_STA_OVWGT,,5.6
2015,Proportion of children moderately or severely overweight,SN_STA_OVWGT,Male,8.1
2020,Proportion of children moderately or severely overweight,SN_STA_OVWGT,Male,5.8
2015,Proportion of children moderately or severely overweight,SN_STA_OVWGT,Female,7.3
2020,Proportion of children moderately or severely overweight,SN_STA_OVWGT,Female,5.4
