Year,Series,Sex,Value
2005,Proportion of children moderately or severely wasted [2.2.2],Male,5
2010,Proportion of children moderately or severely wasted [2.2.2],Male,3
2015,Proportion of children moderately or severely wasted [2.2.2],Male,2
2020,Proportion of children moderately or severely wasted [2.2.2],Male,1
2010,Proportion of children moderately or severely overweight [2.2.2],Female,7
2015,Proportion of children moderately or severely overweight [2.2.2],Female,8
2020,Proportion of children moderately or severely overweight [2.2.2],Female,6
