Year,Observation-level footnotes,Series,Value
2019,Plant Genetic Resources,_L_RW_020501_1,1335.0
2020,Plant Genetic Resources,_L_RW_020501_1,1363.0
2022,Plant Genetic Resources,_L_RW_020501_1,1335.0
2019,Forest Genetic Resources,_L_RW_020501_2,58.0
2020,Forest Genetic Resources,_L_RW_020501_2,62.0
2022,Forest Genetic Resources,_L_RW_020501_2,48.0
2019,Animal Genetic Resources,_L_RW_020501_3,173.0
2020,Animal Genetic Resources,_L_RW_020501_3,192.0
2022,Animal Genetic Resources,_L_RW_020501_3,306.0
