Year,Series,Units,Value
2015,Suicide mortality rate,"Per 100,000 population",1.39
2016,Suicide mortality rate,"Per 100,000 population",1.56
2017,Suicide mortality rate,"Per 100,000 population",1.63
2018,Suicide mortality rate,"Per 100,000 population",1.88
2019,Suicide mortality rate,"Per 100,000 population",1.93
2015,Number of deaths attributed to suicide,Number,157.0
2016,Number of deaths attributed to suicide,Number,181.0
2017,Number of deaths attributed to suicide,Number,193.0
2018,Number of deaths attributed to suicide,Number,228.0
2019,Number of deaths attributed to suicide,Number,239.0
