Year,Observation-level footnotes,Series,Sex,Age,Value
2016,"Proportion of children aged 36-59 months who are developmentally on track in at least three of the following domains: literacy-numeracy, physical development, social-emotional development, and learning",SE_DEV_ONTRK,,36 to 59 months old,63.1
2020,"Proportion of children aged 36-59 months who are developmentally on track in at least three of the following domains: literacy-numeracy, physical development, social-emotional development, and learning",SE_DEV_ONTRK,,36 to 59 months old,76.0
2016,"Proportion of children aged 36-59 months who are developmentally on track in at least three of the following domains: literacy-numeracy, physical development, social-emotional development, and learning",SE_DEV_ONTRK,Male,36 to 59 months old,62.6
2020,"Proportion of children aged 36-59 months who are developmentally on track in at least three of the following domains: literacy-numeracy, physical development, social-emotional development, and learning",SE_DEV_ONTRK,Male,36 to 59 months old,74.1
2016,"Proportion of children aged 36-59 months who are developmentally on track in at least three of the following domains: literacy-numeracy, physical development, social-emotional development, and learning",SE_DEV_ONTRK,Female,36 to 59 months old,63.6
2020,"Proportion of children aged 36-59 months who are developmentally on track in at least three of the following domains: literacy-numeracy, physical development, social-emotional development, and learning",SE_DEV_ONTRK,Female,36 to 59 months old,77.9
2016,"Proportion of children under 5 years of age who are developmentally on track in health, learning and psychosocial well-being, by sex - Literacy-numeracy",_L_RW_040201_1,,under 5 years old,7.0
2020,"Proportion of children under 5 years of age who are developmentally on track in health, learning and psychosocial well-being, by sex - Literacy-numeracy",_L_RW_040201_1,,under 5 years old,11.0
2016,"Proportion of children under 5 years of age who are developmentally on track in health, learning and psychosocial well-being, by sex - Literacy-numeracy",_L_RW_040201_1,Male,under 5 years old,6.3
2020,"Proportion of children under 5 years of age who are developmentally on track in health, learning and psychosocial well-being, by sex - Literacy-numeracy",_L_RW_040201_1,Male,under 5 years old,11.2
2016,"Proportion of children under 5 years of age who are developmentally on track in health, learning and psychosocial well-being, by sex - Literacy-numeracy",_L_RW_040201_1,Female,under 5 years old,7.8
2020,"Proportion of children under 5 years of age who are developmentally on track in health, learning and psychosocial well-being, by sex - Literacy-numeracy",_L_RW_040201_1,Female,under 5 years old,12.3
2016,"Proportion of children under 5 years of age who are developmentally on track in health, learning and psychosocial well-being, by sex - Physical",_L_RW_040201_2,,under 5 years old,92.3
2020,"Proportion of children under 5 years of age who are developmentally on track in health, learning and psychosocial well-being, by sex - Physical",_L_RW_040201_2,,under 5 years old,95.4
2016,"Proportion of children under 5 years of age who are developmentally on track in health, learning and psychosocial well-being, by sex - Physical",_L_RW_040201_2,Male,under 5 years old,92.4
2020,"Proportion of children under 5 years of age who are developmentally on track in health, learning and psychosocial well-being, by sex - Physical",_L_RW_040201_2,Male,under 5 years old,95.3
2016,"Proportion of children under 5 years of age who are developmentally on track in health, learning and psychosocial well-being, by sex - Physical",_L_RW_040201_2,Female,under 5 years old,92.2
2020,"Proportion of children under 5 years of age who are developmentally on track in health, learning and psychosocial well-being, by sex - Physical",_L_RW_040201_2,Female,under 5 years old,95.8
2016,"Proportion of children under 5 years of age who are developmentally on track in health, learning and psychosocial well-being, by sex - Social emotional",_L_RW_040201_3,,under 5 years old,73.1
2020,"Proportion of children under 5 years of age who are developmentally on track in health, learning and psychosocial well-being, by sex - Social emotional",_L_RW_040201_3,,under 5 years old,94.4
2016,"Proportion of children under 5 years of age who are developmentally on track in health, learning and psychosocial well-being, by sex - Social emotional",_L_RW_040201_3,Male,under 5 years old,72.9
2020,"Proportion of children under 5 years of age who are developmentally on track in health, learning and psychosocial well-being, by sex - Social emotional",_L_RW_040201_3,Male,under 5 years old,93.2
2016,"Proportion of children under 5 years of age who are developmentally on track in health, learning and psychosocial well-being, by sex - Social emotional",_L_RW_040201_3,Female,under 5 years old,73.3
2020,"Proportion of children under 5 years of age who are developmentally on track in health, learning and psychosocial well-being, by sex - Social emotional",_L_RW_040201_3,Female,under 5 years old,95.8
2016,"Proportion of children under 5 years of age who are developmentally on track in health, learning and psychosocial well-being, by sex - Learning",_L_RW_040201_4,,under 5 years old,85.7
2020,"Proportion of children under 5 years of age who are developmentally on track in health, learning and psychosocial well-being, by sex - Learning",_L_RW_040201_4,,under 5 years old,76.0
