Year,Series,Sex,Value
2017,"Proportion of population achieving at least a fixed level of proficiency in functional skills - All levels, Literacy rate (%) among youth population",,84.6
2017,"Proportion of population achieving at least a fixed level of proficiency in functional skills - All levels, Literacy rate (%) among youth population",Male,84.2
2017,"Proportion of population achieving at least a fixed level of proficiency in functional skills - All levels, Literacy rate (%) among youth population",Female,85.0
2017,"Proportion of population achieving at least a fixed level of proficiency in functional skills  - All levels, Numeracy rate (%) among youth population",,84.8
2017,"Proportion of population achieving at least a fixed level of proficiency in functional skills  - All levels, Numeracy rate (%) among youth population",Male,84.7
2017,"Proportion of population achieving at least a fixed level of proficiency in functional skills  - All levels, Numeracy rate (%) among youth population",Female,84.9
