Year,Series,Education level,Value
2016,Proportion of schools with access to electricity,Pre-primary education,13.1
2017,Proportion of schools with access to electricity,Pre-primary education,32.3
2018,Proportion of schools with access to electricity,Pre-primary education,39.8
2016,Proportion of schools with access to electricity,Primary education,30.0
2017,Proportion of schools with access to electricity,Primary education,55.8
2018,Proportion of schools with access to electricity,Primary education,58.2
2016,Proportion of schools with access to electricity,Secondary education (lower and upper secondary education),46.1
2017,Proportion of schools with access to electricity,Secondary education (lower and upper secondary education),71.2
2018,Proportion of schools with access to electricity,Secondary education (lower and upper secondary education),74.2
2016,Proportion of schools with access to the internet for pedagogical purposes,Primary education,9.8
2017,Proportion of schools with access to the internet for pedagogical purposes,Primary education,25.1
2018,Proportion of schools with access to the internet for pedagogical purposes,Primary education,30.0
2016,Proportion of schools with access to the internet for pedagogical purposes,Secondary education (lower and upper secondary education),35.4
2017,Proportion of schools with access to the internet for pedagogical purposes,Secondary education (lower and upper secondary education),41.3
2018,Proportion of schools with access to the internet for pedagogical purposes,Secondary education (lower and upper secondary education),52.9
2016,Proportion of schools with access to computers for pedagogical purposes,Primary education,65.8
2017,Proportion of schools with access to computers for pedagogical purposes,Primary education,69.2
2018,Proportion of schools with access to computers for pedagogical purposes,Primary education,75.5
2016,Proportion of schools with access to computers for pedagogical purposes,Secondary education (lower and upper secondary education),77.3
2017,Proportion of schools with access to computers for pedagogical purposes,Secondary education (lower and upper secondary education),84.7
2018,Proportion of schools with access to computers for pedagogical purposes,Secondary education (lower and upper secondary education),84.3
2016,Proportion of schools with basic handwashing facilities,Pre-primary education,19.9
2017,Proportion of schools with basic handwashing facilities,Pre-primary education,24.0
2018,Proportion of schools with basic handwashing facilities,Pre-primary education,28.6
2016,Proportion of schools with basic handwashing facilities,Primary education,45.2
2017,Proportion of schools with basic handwashing facilities,Primary education,64.5
2018,Proportion of schools with basic handwashing facilities,Primary education,66.0
2017,Proportion of schools with basic handwashing facilities,Secondary education (lower and upper secondary education),70.6
2018,Proportion of schools with basic handwashing facilities,Secondary education (lower and upper secondary education),76.9
2017,Proportion of schools with access to adapted infrastructure and materials for students with disabilities,Pre-primary education,5.7
2018,Proportion of schools with access to adapted infrastructure and materials for students with disabilities,Pre-primary education,8.2
2017,Proportion of schools with access to adapted infrastructure and materials for students with disabilities,Primary education,18.0
2018,Proportion of schools with access to adapted infrastructure and materials for students with disabilities,Primary education,24.0
2017,Proportion of schools with access to adapted infrastructure and materials for students with disabilities,Secondary education (lower and upper secondary education),23.5
2018,Proportion of schools with access to adapted infrastructure and materials for students with disabilities,Secondary education (lower and upper secondary education),28.6
2017,Proportion of schools with access to basic drinking water,Pre-primary education,19.0
2018,Proportion of schools with access to basic drinking water,Pre-primary education,27.5
2017,Proportion of schools with access to basic drinking water,Primary education,45.5
2018,Proportion of schools with access to basic drinking water,Primary education,53.6
2017,Proportion of schools with access to basic drinking water,Secondary education (lower and upper secondary education),58.5
2018,Proportion of schools with access to basic drinking water,Secondary education (lower and upper secondary education),71.9
