Year,Observation-level footnotes,Series,Value
2015,Proportion of ever-partnered women and girls subjected to physical violence by a current or former intimate partner in the previous 12 months,VC_VAW_PHYV,17.6
2020,Proportion of ever-partnered women and girls subjected to physical violence by a current or former intimate partner in the previous 12 months,VC_VAW_PHYV,30.0
2015,Proportion of ever-partnered women and girls subjected to sexual violence by a current or former intimate partner in the previous 12 months,VC_VAW_SEXV,8.3
2020,Proportion of ever-partnered women and girls subjected to sexual violence by a current or former intimate partner in the previous 12 months,VC_VAW_SEXV,19.7
2015,Proportion of ever-partnered women and girls subjected to psychological violence by a current or former intimate partner in the previous 12 months,VC_VAW_PSYV,18.5
2020,Proportion of ever-partnered women and girls subjected to psychological violence by a current or former intimate partner in the previous 12 months,VC_VAW_PSYV,23.6
