Year,Series,Sex,Value
2015,Percentage of men subjected to physical violence by a current or former intimate partner in the previous 12 months,Male,6.5
2015,Proportion of ever-partnered women and girls subjected to physical violence by a current or former intimate partner in the previous 12 months [5.2.1],Female,17.6
2015,Percentage of men subjected to sexual violence by a current or former intimate partner in the previous 12 months,Male,1.2
2015,Proportion of ever-partnered women and girls subjected to sexual violence by a current or former intimate partner in the previous 12 months [5.2.1],Female,8.3
2015,Percentage of men to emotional violence by a current or former intimate partner in the previous 12 months,Male,14.0
2015,Proportion of ever-partnered women and girls subjected to psychological violence by a current or former intimate partner in the previous 12 months [5.2.1],Female,18.5
