Year,Observation-level footnotes,Series,Age,Value
2015,Proportion of women aged 20-24 years who were married or in a union before age 15,SP_DYN_MRBF15,under 15 years old,0.4
2020,Proportion of women aged 20-24 years who were married or in a union before age 15,SP_DYN_MRBF15,under 15 years old,0.3
2015,Proportion of women aged 20-24 years who were married or in a union before age 18,SP_DYN_MRBF18,under 18 years old,6.8
2020,Proportion of women aged 20-24 years who were married or in a union before age 18,SP_DYN_MRBF18,under 18 years old,5.5
