Year,Series,Value
2015,Proportion of population covered by at least a 2G mobile network,99.91
2016,Proportion of population covered by at least a 2G mobile network,99.92
2017,Proportion of population covered by at least a 2G mobile network,99.92
2015,Proportion of population covered by at least a 3G mobile network,88.01
2016,Proportion of population covered by at least a 3G mobile network,92.08
2017,Proportion of population covered by at least a 3G mobile network,93.37
2016,Proportion of population covered by at least a 4G mobile network,62.0
2017,Proportion of population covered by at least a 4G mobile network,89.0
