Year,COMMENT_OBS,Series,Value
2015,"Proportion of total government spending on essential services, education","Proportion of total government spending on essential services, education [1.a.2]",306461030.270833
2017,"Proportion of total government spending on essential services, education","Proportion of total government spending on essential services, education [1.a.2]",289046729.199519
2015,Proportion of total government spending on health,Proportion of total government spending on health [1.a.2],283367184.086111
2017,Proportion of total government spending on health,Proportion of total government spending on health [1.a.2],237201290.832933
2015,Proportion of total government spending on social protection,Proportion of total government spending on social protection [1.a.2],103794273.852778
2017,Proportion of total government spending on social protection,Proportion of total government spending on social protection [1.a.2],109465948.668269
