Year,COMMENT_OBS,Series,Value
2015,"Proportion of total government spending on essential services, education",SD_XPD_ESED,220651941795
2017,"Proportion of total government spending on essential services, education",SD_XPD_ESED,240486878694
2022,"Proportion of total government spending on essential services, education",SD_XPD_ESED,135710808032
2015,Proportion of total government spending on health,SG_XPD_HLTH,204024372542
2017,Proportion of total government spending on health,SG_XPD_HLTH,197351473973
2022,Proportion of total government spending on health,SG_XPD_HLTH,279077734548
2015,Proportion of total government spending on social protection,SG_XPD_PROT,74731877174
2017,Proportion of total government spending on social protection,SG_XPD_PROT,91075669292
