Year,COMMENT_OBS,Series,Value
2016,Number of destroyed or damaged health facilities attributed to disasters,VC_DSR_HFDN,2.0
2017,Number of destroyed or damaged health facilities attributed to disasters,VC_DSR_HFDN,3.0
2018,Number of destroyed or damaged health facilities attributed to disasters,VC_DSR_HFDN,3.0
2019,Number of destroyed or damaged health facilities attributed to disasters,VC_DSR_HFDN,1.0
2016,Number of destroyed or damaged educational facilities attributed to disasters,VC_DSR_EFDN,82.0
2017,Number of destroyed or damaged educational facilities attributed to disasters,VC_DSR_EFDN,203.0
2018,Number of destroyed or damaged educational facilities attributed to disasters,VC_DSR_EFDN,73.0
2019,Number of destroyed or damaged educational facilities attributed to disasters,VC_DSR_EFDN,203.0
