Year,Series,Units,Value
2018,CL_SERIES.VC_DSR_LSGP,CL_UNIT_MEASURE.RO,0.02
2016,CL_SERIES.VC_DSR_HFDN,CL_UNIT_MEASURE.NUMBER,2.0
2017,CL_SERIES.VC_DSR_HFDN,CL_UNIT_MEASURE.NUMBER,3.0
2018,CL_SERIES.VC_DSR_HFDN,CL_UNIT_MEASURE.NUMBER,3.0
2019,CL_SERIES.VC_DSR_HFDN,CL_UNIT_MEASURE.NUMBER,1.0
2016,CL_SERIES.VC_DSR_EFDN,CL_UNIT_MEASURE.NUMBER,82.0
2017,CL_SERIES.VC_DSR_EFDN,CL_UNIT_MEASURE.NUMBER,203.0
2018,CL_SERIES.VC_DSR_EFDN,CL_UNIT_MEASURE.NUMBER,73.0
2019,CL_SERIES.VC_DSR_EFDN,CL_UNIT_MEASURE.NUMBER,203.0
