Year,COMMENT_OBS,Series,SEX,Value
2015,"Percent of women and  men, age 15-49 have experienced physical violence within the 12 months preceding the survey",_L_RW_160103_1,M,11.0
2020,"Percent of women and  men, age 15-49 have experienced physical violence within the 12 months preceding the survey",_L_RW_160103_1,M,9.0
2015,"Percent of women and  men, age 15-49 have experienced physical violence within the 12 months preceding the survey",_L_RW_160103_1,F,14.0
2020,"Percent of women and  men, age 15-49 have experienced physical violence within the 12 months preceding the survey",_L_RW_160103_1,F,16.0
2015,Percent of women and  men age 15-49 report having experienced sexual violence at least once in the past 12 months,_L_RW_160103_2,M,1.0
2020,Percent of women and  men age 15-49 report having experienced sexual violence at least once in the past 12 months,_L_RW_160103_2,M,6.0
2015,Percent of women and  men age 15-49 report having experienced sexual violence at least once in the past 12 months,_L_RW_160103_2,F,8.0
2020,Percent of women and  men age 15-49 report having experienced sexual violence at least once in the past 12 months,_L_RW_160103_2,F,23.0
