Year,COMMENT_OBS,Series,Value
2019,Plant Genetic Resources,Plant Genetic Resources,1335.0
2020,Plant Genetic Resources,Plant Genetic Resources,1363.0
2022,Plant Genetic Resources,Plant Genetic Resources,1335.0
2019,Forest Genetic Resources,Forest Genetic Resources,58.0
2020,Forest Genetic Resources,Forest Genetic Resources,62.0
2022,Forest Genetic Resources,Forest Genetic Resources,48.0
2019,Animal Genetic Resources,Animal Genetic Resources,173.0
2020,Animal Genetic Resources,Animal Genetic Resources,192.0
2022,Animal Genetic Resources,Animal Genetic Resources,306.0
