Year,SERIES,REF_AREA,URBANISATION,UNIT_MEASURE,GeoCode,Value
2011,EN_REF_COLDIS,,,PT,,6.9
2014,EN_REF_COLDIS,,,PT,,7.7
2017,EN_REF_COLDIS,,,PT,,10.3
2021,EN_REF_COLDIS,,,PT,,12.1
2024,EN_REF_COLDIS,,,PT,,12.7
2011,EN_REF_COLDIS,,U,PT,,37.9
2014,EN_REF_COLDIS,,U,PT,,39.3
2017,EN_REF_COLDIS,,U,PT,,46.3
2024,EN_REF_COLDIS,,U,PT,,39.4
2011,EN_REF_COLDIS,,R,PT,,1.4
2014,EN_REF_COLDIS,,R,PT,,1.2
2017,EN_REF_COLDIS,,R,PT,,1.7
2024,EN_REF_COLDIS,,R,PT,,1.7
2011,EN_REF_COLDIS,23,,PT,23,1.7
2014,EN_REF_COLDIS,23,,PT,23,0.8
2017,EN_REF_COLDIS,23,,PT,23,1.1
2024,EN_REF_COLDIS,23,,PT,23,1.4
2011,EN_REF_COLDIS,36,,PT,36,6.7
2014,EN_REF_COLDIS,36,,PT,36,5.1
2017,EN_REF_COLDIS,36,,PT,36,4.2
2024,EN_REF_COLDIS,36,,PT,36,3.4
2011,EN_REF_COLDIS,25,,PT,25,0.4
2014,EN_REF_COLDIS,25,,PT,25,0.2
2017,EN_REF_COLDIS,25,,PT,25,1.0
2024,EN_REF_COLDIS,25,,PT,25,2.1
2011,EN_REF_COLDIS,37,,PT,37,1.7
2014,EN_REF_COLDIS,37,,PT,37,0.6
2017,EN_REF_COLDIS,37,,PT,37,1.7
2024,EN_REF_COLDIS,37,,PT,37,0.8
2011,EN_REF_COLDIS,54,,PT,54,1.2
2014,EN_REF_COLDIS,54,,PT,54,4.1
2017,EN_REF_COLDIS,54,,PT,54,1.3
2024,EN_REF_COLDIS,54,,PT,54,6.3
2011,EN_REF_COLDIS,53,,PT,53,0.5
2014,EN_REF_COLDIS,53,,PT,53,2.4
2017,EN_REF_COLDIS,53,,PT,53,1.2
2024,EN_REF_COLDIS,53,,PT,53,1.0
2011,EN_REF_COLDIS,43,,PT,43,1.2
2014,EN_REF_COLDIS,43,,PT,43,4.2
2017,EN_REF_COLDIS,43,,PT,43,6.8
2024,EN_REF_COLDIS,43,,PT,43,12.5
2011,EN_REF_COLDIS,52,,PT,52,6.8
2014,EN_REF_COLDIS,52,,PT,52,6.1
2017,EN_REF_COLDIS,52,,PT,52,5.5
2024,EN_REF_COLDIS,52,,PT,52,5.2
2011,EN_REF_COLDIS,32,,PT,32,1.6
2014,EN_REF_COLDIS,32,,PT,32,0.8
2017,EN_REF_COLDIS,32,,PT,32,2.3
2024,EN_REF_COLDIS,32,,PT,32,2.7
2011,EN_REF_COLDIS,31,,PT,31,1.2
2014,EN_REF_COLDIS,31,,PT,31,1.3
2017,EN_REF_COLDIS,31,,PT,31,2.3
2024,EN_REF_COLDIS,31,,PT,31,3.2
2011,EN_REF_COLDIS,34,,PT,34,2.6
2014,EN_REF_COLDIS,34,,PT,34,0.6
2017,EN_REF_COLDIS,34,,PT,34,3.5
2024,EN_REF_COLDIS,34,,PT,34,4.0
2011,EN_REF_COLDIS,45,,PT,45,3.4
2014,EN_REF_COLDIS,45,,PT,45,0.4
2017,EN_REF_COLDIS,45,,PT,45,3.4
2024,EN_REF_COLDIS,45,,PT,45,1.6
2011,EN_REF_COLDIS,27,,PT,27,1.7
2014,EN_REF_COLDIS,27,,PT,27,5.3
2017,EN_REF_COLDIS,27,,PT,27,4.5
2024,EN_REF_COLDIS,27,,PT,27,8.7
2011,EN_REF_COLDIS,41,,PT,41,0.8
2014,EN_REF_COLDIS,41,,PT,41,1.0
2017,EN_REF_COLDIS,41,,PT,41,0.4
2024,EN_REF_COLDIS,41,,PT,41,2.4
2011,EN_REF_COLDIS,42,,PT,42,0.2
2014,EN_REF_COLDIS,42,,PT,42,0.4
2017,EN_REF_COLDIS,42,,PT,42,0.8
2024,EN_REF_COLDIS,42,,PT,42,2.1
2011,EN_REF_COLDIS,24,,PT,24,3.5
2014,EN_REF_COLDIS,24,,PT,24,1.8
2017,EN_REF_COLDIS,24,,PT,24,0.9
2024,EN_REF_COLDIS,24,,PT,24,7.1
2011,EN_REF_COLDIS,35,,PT,35,2.4
2014,EN_REF_COLDIS,35,,PT,35,1.0
2017,EN_REF_COLDIS,35,,PT,35,1.9
2024,EN_REF_COLDIS,35,,PT,35,2.8
2011,EN_REF_COLDIS,11,,PT,11,57.7
2014,EN_REF_COLDIS,11,,PT,11,60.2
2017,EN_REF_COLDIS,11,,PT,11,57.2
2024,EN_REF_COLDIS,11,,PT,11,56.0
2011,EN_REF_COLDIS,44,,PT,44,0.4
2014,EN_REF_COLDIS,44,,PT,44,0.9
2017,EN_REF_COLDIS,44,,PT,44,1.9
2024,EN_REF_COLDIS,44,,PT,44,0.8
2011,EN_REF_COLDIS,12,,PT,12,35.6
2014,EN_REF_COLDIS,12,,PT,12,41.7
2017,EN_REF_COLDIS,12,,PT,12,46.2
2024,EN_REF_COLDIS,12,,PT,12,52.2
2011,EN_REF_COLDIS,33,,PT,33,15.5
2014,EN_REF_COLDIS,33,,PT,33,9.4
2017,EN_REF_COLDIS,33,,PT,33,9.7
2024,EN_REF_COLDIS,33,,PT,33,15.7
2011,EN_REF_COLDIS,57,,PT,57,3.2
2014,EN_REF_COLDIS,57,,PT,57,1.1
2017,EN_REF_COLDIS,57,,PT,57,1.9
2024,EN_REF_COLDIS,57,,PT,57,16.3
2011,EN_REF_COLDIS,55,,PT,55,2.9
2014,EN_REF_COLDIS,55,,PT,55,2.1
2017,EN_REF_COLDIS,55,,PT,55,1.1
2024,EN_REF_COLDIS,55,,PT,55,2.5
2011,EN_REF_COLDIS,26,,PT,26,3.9
2014,EN_REF_COLDIS,26,,PT,26,1.6
2017,EN_REF_COLDIS,26,,PT,26,2.5
2024,EN_REF_COLDIS,26,,PT,26,2.9
2011,EN_REF_COLDIS,28,,PT,28,0.9
2014,EN_REF_COLDIS,28,,PT,28,0.8
2017,EN_REF_COLDIS,28,,PT,28,9.0
2024,EN_REF_COLDIS,28,,PT,28,12.5
2011,EN_REF_COLDIS,51,,PT,51,1.5
2014,EN_REF_COLDIS,51,,PT,51,3.3
2017,EN_REF_COLDIS,51,,PT,51,2.4
2024,EN_REF_COLDIS,51,,PT,51,7.8
2011,EN_REF_COLDIS,21,,PT,21,3.3
2014,EN_REF_COLDIS,21,,PT,21,4.4
2017,EN_REF_COLDIS,21,,PT,21,1.8
2024,EN_REF_COLDIS,21,,PT,21,2.5
2011,EN_REF_COLDIS,22,,PT,22,1.1
2014,EN_REF_COLDIS,22,,PT,22,0.2
2017,EN_REF_COLDIS,22,,PT,22,3.4
2024,EN_REF_COLDIS,22,,PT,22,0.4
2011,EN_REF_COLDIS,56,,PT,56,1.0
2014,EN_REF_COLDIS,56,,PT,56,1.2
2017,EN_REF_COLDIS,56,,PT,56,1.2
2024,EN_REF_COLDIS,56,,PT,56,1.7
2011,EN_REF_COLDIS,13,,PT,13,44.8
2014,EN_REF_COLDIS,13,,PT,13,47.2
2017,EN_REF_COLDIS,13,,PT,13,59.2
2024,EN_REF_COLDIS,13,,PT,13,59.1
